review_score,delivery_time
1,20.79616087751371
2,16.27578402845134
3,13.76256916045225
4,11.871372430471585
5,10.236933154182063
